Date,Sum of Total
2022-01-01,2734.47
2022-01-02,3750.56
2022-01-03,2452.61
2022-01-04,4367.82
2022-01-05,3510.32
2022-01-06,2680.95
2022-01-07,2759.05
2022-01-08,3503.49
2022-01-09,3476.21
2022-01-10,3594.38
2022-01-11,3984.61
2022-01-12,3485.99
2022-01-13,2885.1
2022-01-14,2962.25
2022-01-15,3466.6
2022-01-16,3307.08
2022-01-17,3534.78
2022-01-18,3928.94
2022-01-19,3122.62
2022-01-20,2089.4
2022-01-21,2763.58
2022-01-22,3844.8
2022-01-23,3611.2
2022-01-24,3756.54
2022-01-25,4045.76
2022-01-26,4449.43
2022-01-27,2575.21
2022-01-28,4006.15
2022-01-29,2674.49
2022-01-30,3931.92
2022-01-31,3149.02
2022-02-01,4563.02
2022-02-02,3861.48
2022-02-03,3834.3
2022-02-04,2610.22
2022-02-05,3974.96
2022-02-06,3536.83
2022-02-07,3667.92
2022-02-08,4069.82
2022-02-09,3945.3
2022-02-10,3283.65
2022-02-11,2833.62
2022-02-12,3049.22
2022-02-13,4868.99
2022-02-14,4407.28
2022-02-15,4264.39
2022-02-16,4850.7
2022-02-17,2676.47
2022-02-18,4961.46
2022-02-19,5690.09
2022-02-20,5038.16
2022-02-21,4614.84
2022-02-22,3421.09
2022-02-23,4133.85
2022-02-24,2975.03
2022-02-25,3339.74
2022-02-26,3509.22
2022-02-27,4226.68
2022-02-28,4970.47
2022-03-01,3547.44
2022-03-02,2902.92
2022-03-03,2666.86
2022-03-04,2780.43
2022-03-05,2823.78
2022-03-06,3504.78
2022-03-07,5029.84
2022-03-08,3578.92
2022-03-09,3766.55
2022-03-10,2583.8
2022-03-11,3576.09
2022-03-12,2678.49
2022-03-13,3700.0
2022-03-14,5710.67
2022-03-15,3641.64
2022-03-16,4383.41
2022-03-17,3726.57
2022-03-18,3422.37
2022-03-19,3442.13
2022-03-20,5046.68
2022-03-21,4185.92
2022-03-22,5069.4
2022-03-23,3244.03
2022-03-24,3524.05
2022-03-25,3880.39
2022-03-26,4164.55
2022-03-27,3464.22
2022-03-28,3925.58
2022-03-29,4005.18
2022-03-30,3212.53
